{"offense": {}, "defense": {"on_defense": 13.24764597193753, "closer_to_invader": 30.527406588335648, "stopped": -60.548011044670545}}