{"offense": {"stopped": -91.02615501584718, "closer_to_food": 1.1758202212410804, "food_eaten": 9.679928174860995}, "defense": {}}